topic,topic_accuracy,toxicity,grammar,loss,ppl
anger,0.5102040816326531,0.1253972421122449,0.8008399870322676,4.822204276007049,124.23864543936487
fear,0.673469387755102,0.07052972571428572,0.8418149109549669,4.7599901277191785,116.7447733561138
joy,0.9090909090909091,0.05186863054545455,0.8812382035992212,4.350512764670632,77.5182013311384
love,0.46,0.06405087084,0.8505341000854969,5.154602222442627,173.2268872843884
sadness,0.5858585858585859,0.12566539798989898,0.846943823526604,4.499721955771398,89.99210603591483
surprise,0.39,0.053052117809999993,0.6710000471025706,4.803915023803711,121.98706613223789
